PROVIDER;DESCRIPTION;ACCOUNTID;REGION;ASSESSMENTDATE;REQUIREMENTS_ID;REQUIREMENTS_DESCRIPTION;REQUIREMENTS_ATTRIBUTES_SECTION;REQUIREMENTS_ATTRIBUTES_SUBSECTION;REQUIREMENTS_ATTRIBUTES_PROFILE;REQUIREMENTS_ATTRIBUTES_ASSESSMENTSTATUS;REQUIREMENTS_ATTRIBUTES_DESCRIPTION;REQUIREMENTS_ATTRIBUTES_RATIONALESTATEMENT;REQUIREMENTS_ATTRIBUTES_IMPACTSTATEMENT;REQUIREMENTS_ATTRIBUTES_REMEDIATIONPROCEDURE;REQUIREMENTS_ATTRIBUTES_AUDITPROCEDURE;REQUIREMENTS_ATTRIBUTES_ADDITIONALINFORMATION;REQUIREMENTS_ATTRIBUTES_DEFAULTVALUE;REQUIREMENTS_ATTRIBUTES_REFERENCES;STATUS;STATUSEXTENDED;RESOURCEID;RESOURCENAME;CHECKID;MUTED
aws;The CIS Amazon Web Services Foundations Benchmark provides prescriptive guidance for configuring security options for a subset of Amazon Web Services with an emphasis on foundational, testable, and architecture agnostic settings.;872515266548;us-east-1;2025-07-18 13:22:16.636454;1.1;Maintain current contact details;1 Identity and Access Management;;Level 1;Manual;"Ensure contact email and telephone details for AWS accounts are current and map to more than one individual in your organization. An AWS account supports a number of contact details, and AWS will use these to contact the account owner if activity judged to be in breach of the Acceptable Use Policy or indicative of a likely security compromise is observed by the AWS Abuse team. Contact details should not be for a single individual, as circumstances may arise where that individual is unavailable. Email contact details should point to a mail alias which forwards email to multiple individuals within the organization; where feasible, phone contact details should point to a PABX hunt group or other call-forwarding system.";If an AWS account is observed to be behaving in a prohibited or suspicious manner, AWS will attempt to contact the account owner by email and phone using the contact details listed. If this is unsuccessful and the account behavior needs urgent mitigation, proactive measures may be taken, including throttling of traffic between the account exhibiting suspicious behavior and the AWS API endpoints and the Internet. This will result in impaired service to and from the account in question, so it is in both the customers' and AWS's best interests that prompt contact can be established. This is best achieved by setting AWS account contact details to point to resources which have multiple individuals as recipients, such as email aliases and PABX hunt groups.;;This activity can only be performed via the AWS Console, with a user who has permission to read and write Billing information (aws-portal:\*Billing). 1. Sign in to the AWS Management Console and open the `Billing and Cost Management` console at https://console.aws.amazon.com/billing/home#/. 2. On the navigation bar, choose your account name, and then choose `Account`. 3. On the `Account Settings` page, next to `Account Settings`, choose `Edit`. 4. Next to the field that you need to update, choose `Edit`. 5. After you have entered your changes, choose `Save changes`. 6. After you have made your changes, choose `Done`. 7. To edit your contact information, under `Contact Information`, choose `Edit`. 8. For the fields that you want to change, type your updated information, and then choose `Update`.;This activity can only be performed via the AWS Console, with a user who has permission to read and write Billing information (aws-portal:\*Billing). 1. Sign in to the AWS Management Console and open the `Billing and Cost Management` console at https://console.aws.amazon.com/billing/home#/. 2. On the navigation bar, choose your account name, and then choose `Account`. 3. On the `Account Settings` page, review and verify the current details. 4. Under `Contact Information`, review and verify the current details.;;;https://docs.aws.amazon.com/awsaccountbilling/latest/aboutv2/manage-account-payment.html#contact-info;MANUAL;Login to the AWS Console. Choose your account name on the top right of the window -> My Account -> Contact Information.;arn:aws:iam::872515266548:root;872515266548;account_maintain_current_contact_details;False
aws;The CIS Amazon Web Services Foundations Benchmark provides prescriptive guidance for configuring security options for a subset of Amazon Web Services with an emphasis on foundational, testable, and architecture agnostic settings.;872515266548;us-east-1;2025-07-18 13:22:16.636454;1.1;Do not create access keys during initial setup for IAM users with a console password;1 Identity and Access Management;;Level 1;Manual;AWS console defaults to no check boxes selected when creating a new IAM user. When creating the IAM User credentials you have to determine what type of access they require.  Programmatic access: The IAM user might need to make API calls, use the AWS CLI, or use the Tools for Windows PowerShell. In that case, create an access key (access key ID and a secret access key) for that user.  AWS Management Console access: If the user needs to access the AWS Management Console, create a password for the user.;Requiring the additional steps to be taken by the user for programmatic access after their profile has been created will provide a stronger indication of intent that access keys are [a] necessary for their work and [b] that once the access key is established on an account, the keys may be in use somewhere in the organization. **Note**: Even if it is known the user will need access keys, require them to create the keys themselves or put in a support ticket to have them created as a separate step from user creation.;;Perform the following to delete access keys that do not pass the audit: **From Console:** 1. Login to the AWS Management Console: 2. Click `Services`  3. Click `IAM`  4. Click on `Users`  5. Click on `Security Credentials`  6. As an Administrator   - Click on the X `(Delete)` for keys that were created at the same time as the user profile but have not been used. 7. As an IAM User  - Click on the X `(Delete)` for keys that were created at the same time as the user profile but have not been used. **From Command Line:** ``` aws iam delete-access-key --access-key-id <access-key-id-listed> --user-name <users-name> ```;Perform the following steps to determine if unused access keys were created upon user creation: **From Console:** 1. Login to the AWS Management Console 2. Click `Services`  3. Click `IAM`  4. Click on a User where column `Password age` and `Access key age` is not set to `None` 5. Click on `Security credentials` Tab 6. Compare the user `Creation time` to the Access Key `Created` date. 6. For any that match, the key was created during initial user setup. - Keys that were created at the same time as the user profile and do not have a last used date should be deleted. Refer to the remediation below. **From Command Line:** 1. Run the following command (OSX/Linux/UNIX) to generate a list of all IAM users along with their access keys utilization: ```  aws iam generate-credential-report ``` ```  aws iam get-credential-report --query 'Content' --output text | base64 -d | cut -d, -f1,4,9,11,14,16 ``` 2. The output of this command will produce a table similar to the following: ``` user,password_enabled,access_key_1_active,access_key_1_last_used_date,access_key_2_active,access_key_2_last_used_date  elise,false,true,2015-04-16T15:14:00+00:00,false,N/A  brandon,true,true,N/A,false,N/A  rakesh,false,false,N/A,false,N/A  helene,false,true,2015-11-18T17:47:00+00:00,false,N/A  paras,true,true,2016-08-28T12:04:00+00:00,true,2016-03-04T10:11:00+00:00  anitha,true,true,2016-06-08T11:43:00+00:00,true,N/A  ``` 3. For any user having `password_enabled` set to `true` AND `access_key_last_used_date` set to `N/A` refer to the remediation below.;Credential report does not appear to contain Key Creation Date;;https://docs.aws.amazon.com/cli/latest/reference/iam/delete-access-key.html:https://docs.aws.amazon.com/IAM/latest/UserGuide/id_users_create.html;MANUAL;Login to the AWS Console. Choose your account name on the top right of the window -> My Account -> Contact Information.;arn:aws:iam::872515266548:root;872515266548;account_maintain_current_contact_details;False
aws;The CIS Amazon Web Services Foundations Benchmark provides prescriptive guidance for configuring security options for a subset of Amazon Web Services with an emphasis on foundational, testable, and architecture agnostic settings.;872515266548;us-east-1;2025-07-18 13:22:16.636454;1.2;Ensure security contact information is registered;1 Identity and Access Management;;Level 1;Manual;AWS provides customers with the option of specifying the contact information for account's security team. It is recommended that this information be provided.;Specifying security-specific contact information will help ensure that security advisories sent by AWS reach the team in your organization that is best equipped to respond to them.;;Perform the following to establish security contact information: **From Console:** 1. Click on your account name at the top right corner of the console. 2. From the drop-down menu Click `My Account`  3. Scroll down to the `Alternate Contacts` section 4. Enter contact information in the `Security` section **From Command Line:** Run the following command with the following input parameters: --email-address, --name, and --phone-number. ``` aws account put-alternate-contact --alternate-contact-type SECURITY  ```  **Note:** Consider specifying an internal email distribution list to ensure emails are regularly monitored by more than one individual.;Perform the following to determine if security contact information is present: **From Console:** 1. Click on your account name at the top right corner of the console 2. From the drop-down menu Click `My Account`  3. Scroll down to the `Alternate Contacts` section 4. Ensure contact information is specified in the `Security` section **From Command Line:** 1. Run the following command: ```  aws account get-alternate-contact --alternate-contact-type SECURITY ``` 2. Ensure proper contact information is specified for the `Security` contact.;;;;MANUAL;Login to the AWS Console. Choose your account name on the top right of the window -> My Account -> Alternate Contacts -> Security Section.;arn:aws:iam::872515266548:root;872515266548;account_security_contact_information_is_registered;False
aws;The CIS Amazon Web Services Foundations Benchmark provides prescriptive guidance for configuring security options for a subset of Amazon Web Services with an emphasis on foundational, testable, and architecture agnostic settings.;872515266548;us-east-1;2025-07-18 13:22:16.636454;3.3;Ensure AWS Config is enabled in all regions;3 Logging;;Level 2;Automated;AWS Config is a web service that performs configuration management of supported AWS resources within your account and delivers log files to you. The recorded information includes the configuration items (AWS resources), relationships between configuration items (AWS resources), and any configuration changes between resources. It is recommended that AWS Config be enabled in all regions.;The AWS configuration item history captured by AWS Config enables security analysis, resource change tracking, and compliance auditing.;Enabling AWS Config in all regions provides comprehensive visibility into resource configurations, enhancing security and compliance monitoring. However, this may incur additional costs and require proper configuration management.;To implement AWS Config configuration: **From Console:** 1. Select the region you want to focus on in the top right of the console. 2. Click `Services`. 3. Click `Config`. 4. If a Config Recorder is enabled in this region, navigate to the Settings page from the navigation menu on the left-hand side. If a Config Recorder is not yet enabled in this region, select Get Started. 5. Select Record all resources supported in this region. 6. Choose to include global resources (IAM resources). 7. Specify an S3 bucket in the same account or in another managed AWS account. 8. Create an SNS Topic from the same AWS account or another managed AWS account. **From Command Line:** 1. Ensure there is an appropriate S3 bucket, SNS topic, and IAM role per the [AWS Config Service prerequisites](http://docs.aws.amazon.com/config/latest/developerguide/gs-cli-prereq.html). 2. Run this command to create a new configuration recorder: ``` aws configservice put-configuration-recorder --configuration-recorder name=<config-recorder-name>,roleARN=arn:aws:iam::<account-id>:role/<iam-role> --recording-group allSupported=true,includeGlobalResourceTypes=true ``` 3. Create a delivery channel configuration file locally which specifies the channel attributes, populated from the prerequisites set up previously: ``` {  name: <delivery-channel-name>,  s3BucketName: <bucket-name>,  snsTopicARN: arn:aws:sns:<region>:<account-id>:<sns-topic>,  configSnapshotDeliveryProperties: {  deliveryFrequency: Twelve_Hours  } } ``` 4. Run this command to create a new delivery channel, referencing the json configuration file made in the previous step: ``` aws configservice put-delivery-channel --delivery-channel file://<delivery-channel-file>.json ``` 5. Start the configuration recorder by running the following command: ``` aws configservice start-configuration-recorder --configuration-recorder-name <config-recorder-name> ```;Process to evaluate AWS Config configuration per region: **From Console:** 1. Sign in to the AWS Management Console and open the AWS Config console at [https://console.aws.amazon.com/config/](https://console.aws.amazon.com/config/). 1. On the top right of the console select the target region. 1. If a Config Recorder is enabled in this region, you should navigate to the Settings page from the navigation menu on the left-hand side. If a Config Recorder is not yet enabled in this region, proceed to the remediation steps. 1. Ensure Record all resources supported in this region is checked. 1. Ensure Include global resources (e.g., AWS IAM resources) is checked, unless it is enabled in another region (this is only required in one region). 1. Ensure the correct S3 bucket has been defined. 1. Ensure the correct SNS topic has been defined. 1. Repeat steps 2 to 7 for each region. **From Command Line:** 1. Run this command to show all AWS Config Recorders and their properties: ``` aws configservice describe-configuration-recorders ``` 2. Evaluate the output to ensure that all recorders have a `recordingGroup` object which includes `allSupported: true`. Additionally, ensure that at least one recorder has `includeGlobalResourceTypes: true`. **Note:** There is one more parameter, ResourceTypes, in the recordingGroup object. We don't need to check it, as whenever we set allSupported to true, AWS enforces the resource types to be empty (ResourceTypes: []). Sample output: ``` {  ConfigurationRecorders: [  {  recordingGroup: {  allSupported: true,  resourceTypes: [],  includeGlobalResourceTypes: true  },  roleARN: arn:aws:iam::<AWS_Account_ID>:role/service-role/<config-role-name>,  name: default  }  ] } ``` 3. Run this command to show the status for all AWS Config Recorders: ``` aws configservice describe-configuration-recorder-status ``` 4. In the output, find recorders with `name` key matching the recorders that were evaluated in step 2. Ensure that they include `recording: true` and `lastStatus: SUCCESS`.;;;https://awscli.amazonaws.com/v2/documentation/api/latest/reference/configservice/describe-configuration-recorder-status.html:https://awscli.amazonaws.com/v2/documentation/api/latest/reference/configservice/describe-configuration-recorders.html:https://docs.aws.amazon.com/config/latest/developerguide/gs-cli-prereq.html;FAIL;AWS Config recorder 872515266548 is disabled.;arn:aws:config:us-east-1:872515266548:recorder;872515266548;config_recorder_all_regions_enabled;False
aws;The CIS Amazon Web Services Foundations Benchmark provides prescriptive guidance for configuring security options for a subset of Amazon Web Services with an emphasis on foundational, testable, and architecture agnostic settings.;872515266548;us-east-1;2025-07-18 13:22:16.636454;5.2;Ensure no Network ACLs allow ingress from 0.0.0.0/0 to remote server administration ports;5 Networking;;Level 1;Automated;The Network Access Control List (NACL) function provides stateless filtering of ingress and egress network traffic to AWS resources. It is recommended that no NACL allows unrestricted ingress access to remote server administration ports, such as SSH on port `22` and RDP on port `3389`, using either the TCP (6), UDP (17), or ALL (-1) protocols.;Public access to remote server administration ports, such as 22 (when used for SSH, not SFTP) and 3389, increases the attack surface of resources and unnecessarily raises the risk of resource compromise.;;**From Console:** Perform the following steps to remediate a network ACL: 1. Login to the AWS VPC Console at https://console.aws.amazon.com/vpc/home. 2. In the left pane, click `Network ACLs`. 3. For each network ACL that needs remediation, perform the following:  - Select the network ACL.  - Click the `Inbound Rules` tab.  - Click `Edit inbound rules`.  - Either A) update the Source field to a range other than 0.0.0.0/0, or B) click `Delete` to remove the offending inbound rule.  - Click `Save`.;**From Console:** Perform the following steps to determine if the account is configured as prescribed: 1. Login to the AWS VPC Console at https://console.aws.amazon.com/vpc/home. 2. In the left pane, click `Network ACLs`. 3. For each network ACL, perform the following:  - Select the network ACL.  - Click the `Inbound Rules` tab.  - Ensure that no rule exists which has a port range that includes port `22` or `3389`, uses the protocols TCP (6), UDP (17), or ALL (-1), or other remote server administration ports for your environment, has a `Source` of `0.0.0.0/0`, and shows `ALLOW`. **Note:** A port value of `ALL` or a port range such as `0-3389` includes port `22`, `3389`, and potentially other remote server administration ports.;;;https://docs.aws.amazon.com/vpc/latest/userguide/vpc-network-acls.html:https://docs.aws.amazon.com/vpc/latest/userguide/VPC_Security.html#VPC_Security_Comparison;FAIL;Network ACL acl-074846676f7caa2ee has every port open to the Internet.;arn:aws:ec2:us-east-1:872515266548:network-acl/acl-074846676f7caa2ee;acl-074846676f7caa2ee;ec2_networkacl_allow_ingress_any_port;False
aws;The CIS Amazon Web Services Foundations Benchmark provides prescriptive guidance for configuring security options for a subset of Amazon Web Services with an emphasis on foundational, testable, and architecture agnostic settings.;872515266548;us-east-1;2025-07-18 13:22:16.636454;5.2;Ensure no Network ACLs allow ingress from 0.0.0.0/0 to remote server administration ports;5 Networking;;Level 1;Automated;The Network Access Control List (NACL) function provides stateless filtering of ingress and egress network traffic to AWS resources. It is recommended that no NACL allows unrestricted ingress access to remote server administration ports, such as SSH on port `22` and RDP on port `3389`, using either the TCP (6), UDP (17), or ALL (-1) protocols.;Public access to remote server administration ports, such as 22 (when used for SSH, not SFTP) and 3389, increases the attack surface of resources and unnecessarily raises the risk of resource compromise.;;**From Console:** Perform the following steps to remediate a network ACL: 1. Login to the AWS VPC Console at https://console.aws.amazon.com/vpc/home. 2. In the left pane, click `Network ACLs`. 3. For each network ACL that needs remediation, perform the following:  - Select the network ACL.  - Click the `Inbound Rules` tab.  - Click `Edit inbound rules`.  - Either A) update the Source field to a range other than 0.0.0.0/0, or B) click `Delete` to remove the offending inbound rule.  - Click `Save`.;**From Console:** Perform the following steps to determine if the account is configured as prescribed: 1. Login to the AWS VPC Console at https://console.aws.amazon.com/vpc/home. 2. In the left pane, click `Network ACLs`. 3. For each network ACL, perform the following:  - Select the network ACL.  - Click the `Inbound Rules` tab.  - Ensure that no rule exists which has a port range that includes port `22` or `3389`, uses the protocols TCP (6), UDP (17), or ALL (-1), or other remote server administration ports for your environment, has a `Source` of `0.0.0.0/0`, and shows `ALLOW`. **Note:** A port value of `ALL` or a port range such as `0-3389` includes port `22`, `3389`, and potentially other remote server administration ports.;;;https://docs.aws.amazon.com/vpc/latest/userguide/vpc-network-acls.html:https://docs.aws.amazon.com/vpc/latest/userguide/VPC_Security.html#VPC_Security_Comparison;FAIL;Network ACL acl-074846676f7caa2ee has SSH port 22 open to the Internet.;arn:aws:ec2:us-east-1:872515266548:network-acl/acl-074846676f7caa2ee;acl-074846676f7caa2ee;ec2_networkacl_allow_ingress_tcp_port_22;False
aws;The CIS Amazon Web Services Foundations Benchmark provides prescriptive guidance for configuring security options for a subset of Amazon Web Services with an emphasis on foundational, testable, and architecture agnostic settings.;872515266548;us-east-1;2025-07-18 13:22:16.636454;5.2;Ensure no Network ACLs allow ingress from 0.0.0.0/0 to remote server administration ports;5 Networking;;Level 1;Automated;The Network Access Control List (NACL) function provides stateless filtering of ingress and egress network traffic to AWS resources. It is recommended that no NACL allows unrestricted ingress access to remote server administration ports, such as SSH on port `22` and RDP on port `3389`, using either the TCP (6), UDP (17), or ALL (-1) protocols.;Public access to remote server administration ports, such as 22 (when used for SSH, not SFTP) and 3389, increases the attack surface of resources and unnecessarily raises the risk of resource compromise.;;**From Console:** Perform the following steps to remediate a network ACL: 1. Login to the AWS VPC Console at https://console.aws.amazon.com/vpc/home. 2. In the left pane, click `Network ACLs`. 3. For each network ACL that needs remediation, perform the following:  - Select the network ACL.  - Click the `Inbound Rules` tab.  - Click `Edit inbound rules`.  - Either A) update the Source field to a range other than 0.0.0.0/0, or B) click `Delete` to remove the offending inbound rule.  - Click `Save`.;**From Console:** Perform the following steps to determine if the account is configured as prescribed: 1. Login to the AWS VPC Console at https://console.aws.amazon.com/vpc/home. 2. In the left pane, click `Network ACLs`. 3. For each network ACL, perform the following:  - Select the network ACL.  - Click the `Inbound Rules` tab.  - Ensure that no rule exists which has a port range that includes port `22` or `3389`, uses the protocols TCP (6), UDP (17), or ALL (-1), or other remote server administration ports for your environment, has a `Source` of `0.0.0.0/0`, and shows `ALLOW`. **Note:** A port value of `ALL` or a port range such as `0-3389` includes port `22`, `3389`, and potentially other remote server administration ports.;;;https://docs.aws.amazon.com/vpc/latest/userguide/vpc-network-acls.html:https://docs.aws.amazon.com/vpc/latest/userguide/VPC_Security.html#VPC_Security_Comparison;FAIL;Network ACL acl-074846676f7caa2ee has Microsoft RDP port 3389 open to the Internet.;arn:aws:ec2:us-east-1:872515266548:network-acl/acl-074846676f7caa2ee;acl-074846676f7caa2ee;ec2_networkacl_allow_ingress_tcp_port_3389;False
aws;The CIS Amazon Web Services Foundations Benchmark provides prescriptive guidance for configuring security options for a subset of Amazon Web Services with an emphasis on foundational, testable, and architecture agnostic settings.;872515266548;us-east-1;2025-07-18 13:22:16.636454;1.15;Ensure IAM policies that allow full *:* administrative privileges are not attached;1 Identity and Access Management;;Level 1;Automated;IAM policies are the means by which privileges are granted to users, groups, or roles. It is recommended and considered standard security advice to grant least privilege—that is, granting only the permissions required to perform a task. Determine what users need to do, and then craft policies for them that allow the users to perform only those tasks, instead of granting full administrative privileges.;It's more secure to start with a minimum set of permissions and grant additional permissions as necessary, rather than starting with permissions that are too lenient and then attempting to tighten them later. Providing full administrative privileges instead of restricting access to the minimum set of permissions required for the user exposes resources to potentially unwanted actions. IAM policies that contain a statement with `Effect: Allow` and `Action: *` over `Resource: *` should be removed.;;**From Console:** Perform the following to detach the policy that has full administrative privileges: 1. Sign in to the AWS Management Console and open the IAM console at [https://console.aws.amazon.com/iam/](https://console.aws.amazon.com/iam/). 2. In the navigation pane, click Policies and then search for the policy name found in the audit step. 3. Select the policy that needs to be deleted. 4. In the policy action menu, select `Detach`.  5. Select all Users, Groups, Roles that have this policy attached. 6. Click `Detach Policy`. 7. Select the newly detached policy and select `Delete`. **From Command Line:** Perform the following to detach the policy that has full administrative privileges as found in the audit step: 1. Lists all IAM users, groups, and roles that the specified managed policy is attached to. ```  aws iam list-entities-for-policy --policy-arn <policy_arn> ``` 2. Detach the policy from all IAM Users: ```  aws iam detach-user-policy --user-name <iam_user> --policy-arn <policy_arn> ``` 3. Detach the policy from all IAM Groups: ```  aws iam detach-group-policy --group-name <iam_group> --policy-arn <policy_arn> ``` 4. Detach the policy from all IAM Roles: ```  aws iam detach-role-policy --role-name <iam_role> --policy-arn <policy_arn> ```;Perform the following to determine existing policies: **From Command Line:** 1. Run the following to get a list of IAM policies: ```  aws iam list-policies --only-attached --output text ``` 2. For each policy returned, run the following command to determine if any policy is allowing full administrative privileges on the account: ```  aws iam get-policy-version --policy-arn <policy_arn> --version-id <version> ``` 3. In the output, the policy should not contain any Statement block with `Effect: Allow` and `Action` set to `*` and `Resource` set to `*`.;;;https://docs.aws.amazon.com/IAM/latest/UserGuide/best-practices.html:https://docs.aws.amazon.com/IAM/latest/UserGuide/access_policies_managed-vs-inline.html:https://docs.aws.amazon.com/cli/latest/reference/iam/index.html#cli-aws-iam;PASS;AWS policy AutoScalingServiceRolePolicy is attached but does not allow '*:*' administrative privileges.;arn:aws:iam::aws:policy/aws-service-role/AutoScalingServiceRolePolicy;AutoScalingServiceRolePolicy;iam_aws_attached_policy_no_administrative_privileges;False
aws;The CIS Amazon Web Services Foundations Benchmark provides prescriptive guidance for configuring security options for a subset of Amazon Web Services with an emphasis on foundational, testable, and architecture agnostic settings.;872515266548;us-east-1;2025-07-18 13:22:16.636454;1.15;Ensure IAM policies that allow full *:* administrative privileges are not attached;1 Identity and Access Management;;Level 1;Automated;IAM policies are the means by which privileges are granted to users, groups, or roles. It is recommended and considered standard security advice to grant least privilege—that is, granting only the permissions required to perform a task. Determine what users need to do, and then craft policies for them that allow the users to perform only those tasks, instead of granting full administrative privileges.;It's more secure to start with a minimum set of permissions and grant additional permissions as necessary, rather than starting with permissions that are too lenient and then attempting to tighten them later. Providing full administrative privileges instead of restricting access to the minimum set of permissions required for the user exposes resources to potentially unwanted actions. IAM policies that contain a statement with `Effect: Allow` and `Action: *` over `Resource: *` should be removed.;;**From Console:** Perform the following to detach the policy that has full administrative privileges: 1. Sign in to the AWS Management Console and open the IAM console at [https://console.aws.amazon.com/iam/](https://console.aws.amazon.com/iam/). 2. In the navigation pane, click Policies and then search for the policy name found in the audit step. 3. Select the policy that needs to be deleted. 4. In the policy action menu, select `Detach`.  5. Select all Users, Groups, Roles that have this policy attached. 6. Click `Detach Policy`. 7. Select the newly detached policy and select `Delete`. **From Command Line:** Perform the following to detach the policy that has full administrative privileges as found in the audit step: 1. Lists all IAM users, groups, and roles that the specified managed policy is attached to. ```  aws iam list-entities-for-policy --policy-arn <policy_arn> ``` 2. Detach the policy from all IAM Users: ```  aws iam detach-user-policy --user-name <iam_user> --policy-arn <policy_arn> ``` 3. Detach the policy from all IAM Groups: ```  aws iam detach-group-policy --group-name <iam_group> --policy-arn <policy_arn> ``` 4. Detach the policy from all IAM Roles: ```  aws iam detach-role-policy --role-name <iam_role> --policy-arn <policy_arn> ```;Perform the following to determine existing policies: **From Command Line:** 1. Run the following to get a list of IAM policies: ```  aws iam list-policies --only-attached --output text ``` 2. For each policy returned, run the following command to determine if any policy is allowing full administrative privileges on the account: ```  aws iam get-policy-version --policy-arn <policy_arn> --version-id <version> ``` 3. In the output, the policy should not contain any Statement block with `Effect: Allow` and `Action` set to `*` and `Resource` set to `*`.;;;https://docs.aws.amazon.com/IAM/latest/UserGuide/best-practices.html:https://docs.aws.amazon.com/IAM/latest/UserGuide/access_policies_managed-vs-inline.html:https://docs.aws.amazon.com/cli/latest/reference/iam/index.html#cli-aws-iam;PASS;AWS policy AWSElasticLoadBalancingServiceRolePolicy is attached but does not allow '*:*' administrative privileges.;arn:aws:iam::aws:policy/aws-service-role/AWSElasticLoadBalancingServiceRolePolicy;AWSElasticLoadBalancingServiceRolePolicy;iam_aws_attached_policy_no_administrative_privileges;False
aws;The CIS Amazon Web Services Foundations Benchmark provides prescriptive guidance for configuring security options for a subset of Amazon Web Services with an emphasis on foundational, testable, and architecture agnostic settings.;872515266548;us-east-1;2025-07-18 13:22:16.636454;1.15;Ensure IAM policies that allow full *:* administrative privileges are not attached;1 Identity and Access Management;;Level 1;Automated;IAM policies are the means by which privileges are granted to users, groups, or roles. It is recommended and considered standard security advice to grant least privilege—that is, granting only the permissions required to perform a task. Determine what users need to do, and then craft policies for them that allow the users to perform only those tasks, instead of granting full administrative privileges.;It's more secure to start with a minimum set of permissions and grant additional permissions as necessary, rather than starting with permissions that are too lenient and then attempting to tighten them later. Providing full administrative privileges instead of restricting access to the minimum set of permissions required for the user exposes resources to potentially unwanted actions. IAM policies that contain a statement with `Effect: Allow` and `Action: *` over `Resource: *` should be removed.;;**From Console:** Perform the following to detach the policy that has full administrative privileges: 1. Sign in to the AWS Management Console and open the IAM console at [https://console.aws.amazon.com/iam/](https://console.aws.amazon.com/iam/). 2. In the navigation pane, click Policies and then search for the policy name found in the audit step. 3. Select the policy that needs to be deleted. 4. In the policy action menu, select `Detach`.  5. Select all Users, Groups, Roles that have this policy attached. 6. Click `Detach Policy`. 7. Select the newly detached policy and select `Delete`. **From Command Line:** Perform the following to detach the policy that has full administrative privileges as found in the audit step: 1. Lists all IAM users, groups, and roles that the specified managed policy is attached to. ```  aws iam list-entities-for-policy --policy-arn <policy_arn> ``` 2. Detach the policy from all IAM Users: ```  aws iam detach-user-policy --user-name <iam_user> --policy-arn <policy_arn> ``` 3. Detach the policy from all IAM Groups: ```  aws iam detach-group-policy --group-name <iam_group> --policy-arn <policy_arn> ``` 4. Detach the policy from all IAM Roles: ```  aws iam detach-role-policy --role-name <iam_role> --policy-arn <policy_arn> ```;Perform the following to determine existing policies: **From Command Line:** 1. Run the following to get a list of IAM policies: ```  aws iam list-policies --only-attached --output text ``` 2. For each policy returned, run the following command to determine if any policy is allowing full administrative privileges on the account: ```  aws iam get-policy-version --policy-arn <policy_arn> --version-id <version> ``` 3. In the output, the policy should not contain any Statement block with `Effect: Allow` and `Action` set to `*` and `Resource` set to `*`.;;;https://docs.aws.amazon.com/IAM/latest/UserGuide/best-practices.html:https://docs.aws.amazon.com/IAM/latest/UserGuide/access_policies_managed-vs-inline.html:https://docs.aws.amazon.com/cli/latest/reference/iam/index.html#cli-aws-iam;PASS;AWS policy AWSTrustedAdvisorServiceRolePolicy is attached but does not allow '*:*' administrative privileges.;arn:aws:iam::aws:policy/aws-service-role/AWSTrustedAdvisorServiceRolePolicy;AWSTrustedAdvisorServiceRolePolicy;iam_aws_attached_policy_no_administrative_privileges;False
aws;The CIS Amazon Web Services Foundations Benchmark provides prescriptive guidance for configuring security options for a subset of Amazon Web Services with an emphasis on foundational, testable, and architecture agnostic settings.;872515266548;us-east-1;2025-07-18 13:22:16.636454;1.15;Ensure IAM policies that allow full *:* administrative privileges are not attached;1 Identity and Access Management;;Level 1;Automated;IAM policies are the means by which privileges are granted to users, groups, or roles. It is recommended and considered standard security advice to grant least privilege—that is, granting only the permissions required to perform a task. Determine what users need to do, and then craft policies for them that allow the users to perform only those tasks, instead of granting full administrative privileges.;It's more secure to start with a minimum set of permissions and grant additional permissions as necessary, rather than starting with permissions that are too lenient and then attempting to tighten them later. Providing full administrative privileges instead of restricting access to the minimum set of permissions required for the user exposes resources to potentially unwanted actions. IAM policies that contain a statement with `Effect: Allow` and `Action: *` over `Resource: *` should be removed.;;**From Console:** Perform the following to detach the policy that has full administrative privileges: 1. Sign in to the AWS Management Console and open the IAM console at [https://console.aws.amazon.com/iam/](https://console.aws.amazon.com/iam/). 2. In the navigation pane, click Policies and then search for the policy name found in the audit step. 3. Select the policy that needs to be deleted. 4. In the policy action menu, select `Detach`.  5. Select all Users, Groups, Roles that have this policy attached. 6. Click `Detach Policy`. 7. Select the newly detached policy and select `Delete`. **From Command Line:** Perform the following to detach the policy that has full administrative privileges as found in the audit step: 1. Lists all IAM users, groups, and roles that the specified managed policy is attached to. ```  aws iam list-entities-for-policy --policy-arn <policy_arn> ``` 2. Detach the policy from all IAM Users: ```  aws iam detach-user-policy --user-name <iam_user> --policy-arn <policy_arn> ``` 3. Detach the policy from all IAM Groups: ```  aws iam detach-group-policy --group-name <iam_group> --policy-arn <policy_arn> ``` 4. Detach the policy from all IAM Roles: ```  aws iam detach-role-policy --role-name <iam_role> --policy-arn <policy_arn> ```;Perform the following to determine existing policies: **From Command Line:** 1. Run the following to get a list of IAM policies: ```  aws iam list-policies --only-attached --output text ``` 2. For each policy returned, run the following command to determine if any policy is allowing full administrative privileges on the account: ```  aws iam get-policy-version --policy-arn <policy_arn> --version-id <version> ``` 3. In the output, the policy should not contain any Statement block with `Effect: Allow` and `Action` set to `*` and `Resource` set to `*`.;;;https://docs.aws.amazon.com/IAM/latest/UserGuide/best-practices.html:https://docs.aws.amazon.com/IAM/latest/UserGuide/access_policies_managed-vs-inline.html:https://docs.aws.amazon.com/cli/latest/reference/iam/index.html#cli-aws-iam;PASS;AWS policy AWSSupportServiceRolePolicy is attached but does not allow '*:*' administrative privileges.;arn:aws:iam::aws:policy/aws-service-role/AWSSupportServiceRolePolicy;AWSSupportServiceRolePolicy;iam_aws_attached_policy_no_administrative_privileges;False
aws;The CIS Amazon Web Services Foundations Benchmark provides prescriptive guidance for configuring security options for a subset of Amazon Web Services with an emphasis on foundational, testable, and architecture agnostic settings.;872515266548;us-east-1;2025-07-18 13:22:16.636454;1.15;Ensure IAM policies that allow full *:* administrative privileges are not attached;1 Identity and Access Management;;Level 1;Automated;IAM policies are the means by which privileges are granted to users, groups, or roles. It is recommended and considered standard security advice to grant least privilege—that is, granting only the permissions required to perform a task. Determine what users need to do, and then craft policies for them that allow the users to perform only those tasks, instead of granting full administrative privileges.;It's more secure to start with a minimum set of permissions and grant additional permissions as necessary, rather than starting with permissions that are too lenient and then attempting to tighten them later. Providing full administrative privileges instead of restricting access to the minimum set of permissions required for the user exposes resources to potentially unwanted actions. IAM policies that contain a statement with `Effect: Allow` and `Action: *` over `Resource: *` should be removed.;;**From Console:** Perform the following to detach the policy that has full administrative privileges: 1. Sign in to the AWS Management Console and open the IAM console at [https://console.aws.amazon.com/iam/](https://console.aws.amazon.com/iam/). 2. In the navigation pane, click Policies and then search for the policy name found in the audit step. 3. Select the policy that needs to be deleted. 4. In the policy action menu, select `Detach`.  5. Select all Users, Groups, Roles that have this policy attached. 6. Click `Detach Policy`. 7. Select the newly detached policy and select `Delete`. **From Command Line:** Perform the following to detach the policy that has full administrative privileges as found in the audit step: 1. Lists all IAM users, groups, and roles that the specified managed policy is attached to. ```  aws iam list-entities-for-policy --policy-arn <policy_arn> ``` 2. Detach the policy from all IAM Users: ```  aws iam detach-user-policy --user-name <iam_user> --policy-arn <policy_arn> ``` 3. Detach the policy from all IAM Groups: ```  aws iam detach-group-policy --group-name <iam_group> --policy-arn <policy_arn> ``` 4. Detach the policy from all IAM Roles: ```  aws iam detach-role-policy --role-name <iam_role> --policy-arn <policy_arn> ```;Perform the following to determine existing policies: **From Command Line:** 1. Run the following to get a list of IAM policies: ```  aws iam list-policies --only-attached --output text ``` 2. For each policy returned, run the following command to determine if any policy is allowing full administrative privileges on the account: ```  aws iam get-policy-version --policy-arn <policy_arn> --version-id <version> ``` 3. In the output, the policy should not contain any Statement block with `Effect: Allow` and `Action` set to `*` and `Resource` set to `*`.;;;https://docs.aws.amazon.com/IAM/latest/UserGuide/best-practices.html:https://docs.aws.amazon.com/IAM/latest/UserGuide/access_policies_managed-vs-inline.html:https://docs.aws.amazon.com/cli/latest/reference/iam/index.html#cli-aws-iam;PASS;AWS policy ReadOnlyAccess is attached but does not allow '*:*' administrative privileges.;arn:aws:iam::aws:policy/ReadOnlyAccess;ReadOnlyAccess;iam_aws_attached_policy_no_administrative_privileges;False
aws;The CIS Amazon Web Services Foundations Benchmark provides prescriptive guidance for configuring security options for a subset of Amazon Web Services with an emphasis on foundational, testable, and architecture agnostic settings.;872515266548;us-east-1;2025-07-18 13:22:16.636454;1.15;Ensure IAM policies that allow full *:* administrative privileges are not attached;1 Identity and Access Management;;Level 1;Automated;IAM policies are the means by which privileges are granted to users, groups, or roles. It is recommended and considered standard security advice to grant least privilege—that is, granting only the permissions required to perform a task. Determine what users need to do, and then craft policies for them that allow the users to perform only those tasks, instead of granting full administrative privileges.;It's more secure to start with a minimum set of permissions and grant additional permissions as necessary, rather than starting with permissions that are too lenient and then attempting to tighten them later. Providing full administrative privileges instead of restricting access to the minimum set of permissions required for the user exposes resources to potentially unwanted actions. IAM policies that contain a statement with `Effect: Allow` and `Action: *` over `Resource: *` should be removed.;;**From Console:** Perform the following to detach the policy that has full administrative privileges: 1. Sign in to the AWS Management Console and open the IAM console at [https://console.aws.amazon.com/iam/](https://console.aws.amazon.com/iam/). 2. In the navigation pane, click Policies and then search for the policy name found in the audit step. 3. Select the policy that needs to be deleted. 4. In the policy action menu, select `Detach`.  5. Select all Users, Groups, Roles that have this policy attached. 6. Click `Detach Policy`. 7. Select the newly detached policy and select `Delete`. **From Command Line:** Perform the following to detach the policy that has full administrative privileges as found in the audit step: 1. Lists all IAM users, groups, and roles that the specified managed policy is attached to. ```  aws iam list-entities-for-policy --policy-arn <policy_arn> ``` 2. Detach the policy from all IAM Users: ```  aws iam detach-user-policy --user-name <iam_user> --policy-arn <policy_arn> ``` 3. Detach the policy from all IAM Groups: ```  aws iam detach-group-policy --group-name <iam_group> --policy-arn <policy_arn> ``` 4. Detach the policy from all IAM Roles: ```  aws iam detach-role-policy --role-name <iam_role> --policy-arn <policy_arn> ```;Perform the following to determine existing policies: **From Command Line:** 1. Run the following to get a list of IAM policies: ```  aws iam list-policies --only-attached --output text ``` 2. For each policy returned, run the following command to determine if any policy is allowing full administrative privileges on the account: ```  aws iam get-policy-version --policy-arn <policy_arn> --version-id <version> ``` 3. In the output, the policy should not contain any Statement block with `Effect: Allow` and `Action` set to `*` and `Resource` set to `*`.;;;https://docs.aws.amazon.com/IAM/latest/UserGuide/best-practices.html:https://docs.aws.amazon.com/IAM/latest/UserGuide/access_policies_managed-vs-inline.html:https://docs.aws.amazon.com/cli/latest/reference/iam/index.html#cli-aws-iam;PASS;AWS policy ServiceQuotasServiceRolePolicy is attached but does not allow '*:*' administrative privileges.;arn:aws:iam::aws:policy/aws-service-role/ServiceQuotasServiceRolePolicy;ServiceQuotasServiceRolePolicy;iam_aws_attached_policy_no_administrative_privileges;False
aws;The CIS Amazon Web Services Foundations Benchmark provides prescriptive guidance for configuring security options for a subset of Amazon Web Services with an emphasis on foundational, testable, and architecture agnostic settings.;872515266548;us-east-1;2025-07-18 13:22:16.636454;1.20;Ensure IAM users are managed centrally via identity federation or AWS Organizations for multi-account environments;1 Identity and Access Management;;Level 2;Manual;In multi-account environments, IAM user centralization facilitates greater user control. User access beyond the initial account is then provided via role assumption. Centralization of users can be accomplished through federation with an external identity provider or through the use of AWS Organizations.;Centralizing IAM user management to a single identity store reduces complexity and thus the likelihood of access management errors.;;The remediation procedure will vary based on each individual organization's implementation of identity federation and/or AWS Organizations, with the acceptance criteria that no non-service IAM users and non-root accounts are present outside the account providing centralized IAM user management.;For multi-account AWS environments with an external identity provider: 1. Determine the master account for identity federation or IAM user management 2. Login to that account through the AWS Management Console 3. Click `Services`  4. Click `IAM`  5. Click `Identity providers` 6. Verify the configuration For multi-account AWS environments with an external identity provider, as well as for those implementing AWS Organizations without an external identity provider: 1. Determine all accounts that should not have local users present 2. Log into the AWS Management Console 3. Switch role into each identified account 4. Click `Services`  5. Click `IAM`  6. Click `Users` 7. Confirm that no IAM users representing individuals are present;;;;FAIL;No SAML Providers found.;arn:aws:iam::872515266548:root;872515266548;iam_check_saml_providers_sts;False
aws;The CIS Amazon Web Services Foundations Benchmark provides prescriptive guidance for configuring security options for a subset of Amazon Web Services with an emphasis on foundational, testable, and architecture agnostic settings.;872515266548;us-east-1;2025-07-18 13:22:16.636454;1.7;Ensure IAM password policy requires minimum length of 14 or greater;1 Identity and Access Management;;Level 1;Automated;Password policies are, in part, used to enforce password complexity requirements. IAM password policies can be used to ensure passwords are at least a given length. It is recommended that the password policy require a minimum password length 14.;Setting a password complexity policy increases account resiliency against brute force login attempts.;Enforcing a minimum password length of 14 characters enhances security by making passwords more resistant to brute force attacks. However, it may require users to create longer and potentially more complex passwords, which could impact user convenience.;Perform the following to set the password policy as prescribed: **From Console:** 1. Login to AWS Console (with appropriate permissions to View Identity Access Management Account Settings) 2. Go to IAM Service on the AWS Console 3. Click on Account Settings on the Left Pane 4. Set Minimum password length to `14` or greater. 5. Click Apply password policy **From Command Line:** ```  aws iam update-account-password-policy --minimum-password-length 14 ``` Note: All commands starting with aws iam update-account-password-policy can be combined into a single command.;Perform the following to ensure the password policy is configured as prescribed: **From Console:** 1. Login to AWS Console (with appropriate permissions to View Identity Access Management Account Settings) 2. Go to IAM Service on the AWS Console 3. Click on Account Settings on the Left Pane 4. Ensure Minimum password length is set to 14 or greater. **From Command Line:** ``` aws iam get-account-password-policy ``` Ensure the output of the above command includes MinimumPasswordLength: 14 (or higher);Ensure the password policy also includes requirements for password complexity, such as the inclusion of uppercase letters, lowercase letters, numbers, and special characters: ``` aws iam update-account-password-policy --require-uppercase-characters --require-lowercase-characters --require-numbers --require-symbols ```;;https://docs.aws.amazon.com/IAM/latest/UserGuide/id_credentials_passwords_account-policy.html:https://docs.aws.amazon.com/IAM/latest/UserGuide/best-practices.html#configure-strong-password-policy;FAIL;IAM password policy does not require minimum length of 14 characters.;arn:aws:iam:us-east-1:872515266548:password-policy;872515266548;iam_password_policy_minimum_length_14;False
aws;The CIS Amazon Web Services Foundations Benchmark provides prescriptive guidance for configuring security options for a subset of Amazon Web Services with an emphasis on foundational, testable, and architecture agnostic settings.;872515266548;us-east-1;2025-07-18 13:22:16.636454;1.8;Ensure IAM password policy prevents password reuse;1 Identity and Access Management;;Level 1;Automated;IAM password policies can prevent the reuse of a given password by the same user. It is recommended that the password policy prevent the reuse of passwords.;Preventing password reuse increases account resiliency against brute force login attempts.;;Perform the following to set the password policy as prescribed: **From Console:** 1. Login to AWS Console (with appropriate permissions to View Identity Access Management Account Settings) 2. Go to IAM Service on the AWS Console 3. Click on Account Settings on the Left Pane 4. Check Prevent password reuse 5. Set Number of passwords to remember is set to `24`  **From Command Line:** ```  aws iam update-account-password-policy --password-reuse-prevention 24 ``` Note: All commands starting with aws iam update-account-password-policy can be combined into a single command.;Perform the following to ensure the password policy is configured as prescribed: **From Console:** 1. Login to AWS Console (with appropriate permissions to View Identity Access Management Account Settings) 2. Go to IAM Service on the AWS Console 3. Click on Account Settings on the Left Pane 4. Ensure Prevent password reuse is checked 5. Ensure Number of passwords to remember is set to 24 **From Command Line:** ``` aws iam get-account-password-policy  ``` Ensure the output of the above command includes PasswordReusePrevention: 24;;;https://docs.aws.amazon.com/IAM/latest/UserGuide/id_credentials_passwords_account-policy.html:https://docs.aws.amazon.com/IAM/latest/UserGuide/best-practices.html#configure-strong-password-policy;FAIL;IAM password policy reuse prevention is less than 24 or not set.;arn:aws:iam:us-east-1:872515266548:password-policy;872515266548;iam_password_policy_reuse_24;False
aws;The CIS Amazon Web Services Foundations Benchmark provides prescriptive guidance for configuring security options for a subset of Amazon Web Services with an emphasis on foundational, testable, and architecture agnostic settings.;872515266548;us-east-1;2025-07-18 13:22:16.636454;1.21;Ensure access to AWSCloudShellFullAccess is restricted;1 Identity and Access Management;;Level 1;Manual;"AWS CloudShell is a convenient way of running CLI commands against AWS services; a managed IAM policy ('AWSCloudShellFullAccess') provides full access to CloudShell, which allows file upload and download capability between a user's local system and the CloudShell environment. Within the CloudShell environment, a user has sudo permissions and can access the internet. Therefore, it is feasible to install file transfer software, for example, and move data from CloudShell to external internet servers.";Access to this policy should be restricted, as it presents a potential channel for data exfiltration by malicious cloud admins who are given full permissions to the service. AWS documentation describes how to create a more restrictive IAM policy that denies file transfer permissions.;;**From Console** 1. Open the IAM console at https://console.aws.amazon.com/iam/ 2. In the left pane, select Policies 3. Search for and select AWSCloudShellFullAccess 4. On the Entities attached tab, for each item, check the box and select Detach;**From Console** 1. Open the IAM console at https://console.aws.amazon.com/iam/ 2. In the left pane, select Policies 3. Search for and select AWSCloudShellFullAccess 4. On the Entities attached tab, ensure that there are no entities using this policy **From Command Line** 1. List IAM policies, filter for the 'AWSCloudShellFullAccess' managed policy, and note the Arn element value: ``` aws iam list-policies --query Policies[?PolicyName == 'AWSCloudShellFullAccess'] ``` 2. Check if the 'AWSCloudShellFullAccess' policy is attached to any role: ``` aws iam list-entities-for-policy --policy-arn arn:aws:iam::aws:policy/AWSCloudShellFullAccess ``` 3. In the output, ensure PolicyRoles returns empty. 'Example: Example: PolicyRoles: [ ]' If it does not return empty, refer to the remediation below. **Note:** Keep in mind that other policies may grant access.;;;https://docs.aws.amazon.com/cloudshell/latest/userguide/sec-auth-with-identities.html;PASS;AWS CloudShellFullAccess policy is not attached to any IAM entity.;arn:aws:iam::aws:policy/AWSCloudShellFullAccess;872515266548;iam_policy_cloudshell_admin_not_attached;False
aws;The CIS Amazon Web Services Foundations Benchmark provides prescriptive guidance for configuring security options for a subset of Amazon Web Services with an emphasis on foundational, testable, and architecture agnostic settings.;872515266548;us-east-1;2025-07-18 13:22:16.636454;1.16;Ensure a support role has been created to manage incidents with AWS Support;1 Identity and Access Management;;Level 1;Automated;AWS provides a support center that can be used for incident notification and response, as well as technical support and customer services. Create an IAM Role, with the appropriate policy assigned, to allow authorized users to manage incidents with AWS Support.;By implementing least privilege for access control, an IAM Role will require an appropriate IAM Policy to allow Support Center Access in order to manage Incidents with AWS Support.;All AWS Support plans include an unlimited number of account and billing support cases, with no long-term contracts. Support billing calculations are performed on a per-account basis for all plans. Enterprise Support plan customers have the option to include multiple enabled accounts in an aggregated monthly billing calculation. Monthly charges for the Business and Enterprise support plans are based on each month's AWS usage charges, subject to a monthly minimum, billed in advance. When assigning rights, keep in mind that other policies may grant access to Support as well. This may include AdministratorAccess and other policies including customer managed policies. Utilizing the AWS managed 'AWSSupportAccess' role is one simple way of ensuring that this permission is properly granted. To better support the principle of separation of duties, it would be best to only attach this role where necessary.;**From Command Line:** 1. Create an IAM role for managing incidents with AWS:  - Create a trust relationship policy document that allows <iam_user> to manage AWS incidents, and save it locally as /tmp/TrustPolicy.json: ```  {  Version: 2012-10-17,  Statement: [  {  Effect: Allow,  Principal: {  AWS: <iam_user>  },  Action: sts:AssumeRole  }  ]  } ``` 2. Create the IAM role using the above trust policy: ``` aws iam create-role --role-name <aws_support_iam_role> --assume-role-policy-document file:///tmp/TrustPolicy.json ``` 3. Attach 'AWSSupportAccess' managed policy to the created IAM role: ``` aws iam attach-role-policy --policy-arn arn:aws:iam::aws:policy/AWSSupportAccess --role-name <aws_support_iam_role> ```;**From Command Line:** 1. List IAM policies, filter for the 'AWSSupportAccess' managed policy, and note the Arn element value: ``` aws iam list-policies --query Policies[?PolicyName == 'AWSSupportAccess'] ``` 2. Check if the 'AWSSupportAccess' policy is attached to any role: ``` aws iam list-entities-for-policy --policy-arn arn:aws:iam::aws:policy/AWSSupportAccess ``` 3. In the output, ensure `PolicyRoles` does not return empty. 'Example: Example: PolicyRoles: [ ]' If it returns empty refer to the remediation below.;AWSSupportAccess policy is a global AWS resource. It has same ARN as `arn:aws:iam::aws:policy/AWSSupportAccess` for every account.;;https://docs.aws.amazon.com/IAM/latest/UserGuide/access_policies_managed-vs-inline.html:https://aws.amazon.com/premiumsupport/pricing/:https://awscli.amazonaws.com/v2/documentation/api/latest/reference/iam/list-policies.html:https://awscli.amazonaws.com/v2/documentation/api/latest/reference/iam/attach-role-policy.html:https://awscli.amazonaws.com/v2/documentation/api/latest/reference/iam/list-entities-for-policy.html;FAIL;AWS Support Access policy is not attached to any role.;arn:aws:iam::aws:policy/AWSSupportAccess;872515266548;iam_support_role_created;False
aws;The CIS Amazon Web Services Foundations Benchmark provides prescriptive guidance for configuring security options for a subset of Amazon Web Services with an emphasis on foundational, testable, and architecture agnostic settings.;872515266548;us-east-1;2025-07-18 13:22:16.636454;2.1.4;Ensure that S3 is configured with 'Block Public Access' enabled;2 Storage;2.1 Simple Storage Service (S3);Level 1;Automated;Amazon S3 provides `Block public access (bucket settings)` and `Block public access (account settings)` to help you manage public access to Amazon S3 resources. By default, S3 buckets and objects are created with public access disabled. However, an IAM principal with sufficient S3 permissions can enable public access at the bucket and/or object level. While enabled, `Block public access (bucket settings)` prevents an individual bucket and its contained objects from becoming publicly accessible. Similarly, `Block public access (account settings)` prevents all buckets and their contained objects from becoming publicly accessible across the entire account.;Amazon S3 `Block public access (bucket settings)` prevents the accidental or malicious public exposure of data contained within the respective bucket(s).  Amazon S3 `Block public access (account settings)` prevents the accidental or malicious public exposure of data contained within all buckets of the respective AWS account. Whether to block public access to all or some buckets is an organizational decision that should be based on data sensitivity, least privilege, and use case.;When you apply Block Public Access settings to an account, the settings apply to all AWS regions globally. The settings may not take effect in all regions immediately or simultaneously, but they will eventually propagate to all regions.;**If utilizing Block Public Access (bucket settings)** **From Console:** 1. Login to the AWS Management Console and open the Amazon S3 console using https://console.aws.amazon.com/s3/.  2. Select the check box next to a bucket. 3. Click 'Edit public access settings'. 4. Click 'Block all public access' 5. Repeat for all the buckets in your AWS account that contain sensitive data. **From Command Line:** 1. List all of the S3 buckets: ``` aws s3 ls ``` 2. Enable Block Public Access on a specific bucket: ``` aws s3api put-public-access-block --bucket <bucket-name> --public-access-block-configuration BlockPublicAcls=true,IgnorePublicAcls=true,BlockPublicPolicy=true,RestrictPublicBuckets=true ``` **If utilizing Block Public Access (account settings)** **From Console:** If the output reads `true` for the separate configuration settings, then Block Public Access is enabled on the account. 1. Login to the AWS Management Console and open the Amazon S3 console using https://console.aws.amazon.com/s3/. 2. Click `Block Public Access (account settings)`. 3. Click `Edit` to change the block public access settings for all the buckets in your AWS account. 4. Update the settings and click `Save`. For details about each setting, pause on the `i` icons. 5. When you're asked for confirmation, enter `confirm`. Then click `Confirm` to save your changes. **From Command Line:** To enable Block Public Access for this account, run the following command: ``` aws s3control put-public-access-block --public-access-block-configuration BlockPublicAcls=true, IgnorePublicAcls=true, BlockPublicPolicy=true, RestrictPublicBuckets=true --account-id <account-id> ```;**If utilizing Block Public Access (bucket settings)** **From Console:** 1. Login to the AWS Management Console and open the Amazon S3 console using https://console.aws.amazon.com/s3/. 2. Select the check box next to a bucket. 3. Click on 'Edit public access settings'. 4. Ensure that the block public access settings are configured appropriately for this bucket. 5. Repeat for all the buckets in your AWS account. **From Command Line:** 1. List all of the S3 buckets: ``` aws s3 ls ``` 2. Find the public access settings for a specific bucket: ``` aws s3api get-public-access-block --bucket <bucket-name> ``` Output if Block Public Access is enabled: ``` {  PublicAccessBlockConfiguration: {  BlockPublicAcls: true,  IgnorePublicAcls: true,  BlockPublicPolicy: true,  RestrictPublicBuckets: true  } } ``` If the output reads `false` for the separate configuration settings, then proceed with the remediation. **If utilizing Block Public Access (account settings)** **From Console:** 1. Login to the AWS Management Console and open the Amazon S3 console using https://console.aws.amazon.com/s3/. 2. Choose `Block public access (account settings)`. 3. Ensure that the block public access settings are configured appropriately for your AWS account. **From Command Line:** To check the block public access settings for this account, run the following command: `aws s3control get-public-access-block --account-id <account-id> --region <region-name>` Output if Block Public Access is enabled: ``` {  PublicAccessBlockConfiguration: {  IgnorePublicAcls: true,   BlockPublicPolicy: true,   BlockPublicAcls: true,   RestrictPublicBuckets: true  } } ``` If the output reads `false` for the separate configuration settings, then proceed with the remediation.;;;https://docs.aws.amazon.com/AmazonS3/latest/user-guide/block-public-access-account.html;PASS;Block Public Access is configured for the S3 Bucket cf-templates-1o2rvhmiti6y7-us-east-1.;arn:aws:s3:::cf-templates-1o2rvhmiti6y7-us-east-1;cf-templates-1o2rvhmiti6y7-us-east-1;s3_bucket_level_public_access_block;False
aws;The CIS Amazon Web Services Foundations Benchmark provides prescriptive guidance for configuring security options for a subset of Amazon Web Services with an emphasis on foundational, testable, and architecture agnostic settings.;872515266548;us-east-1;2025-07-18 13:22:16.636454;2.1.2;Ensure MFA Delete is enabled on S3 buckets;2 Storage;2.1 Simple Storage Service (S3);Level 2;Manual;Once MFA Delete is enabled on your sensitive and classified S3 bucket, it requires the user to provide two forms of authentication.;Adding MFA delete to an S3 bucket requires additional authentication when you change the version state of your bucket or delete an object version, adding another layer of security in the event your security credentials are compromised or unauthorized access is granted.;Enabling MFA delete on an S3 bucket could require additional administrator oversight. Enabling MFA delete may impact other services that automate the creation and/or deletion of S3 buckets.;"Perform the steps below to enable MFA delete on an S3 bucket: **Note:** - You cannot enable MFA Delete using the AWS Management Console; you must use the AWS CLI or API. - You must use your 'root' account to enable MFA Delete on S3 buckets. **From Command line:** 1. Run the s3api `put-bucket-versioning` command: ``` aws s3api put-bucket-versioning --profile my-root-profile --bucket Bucket_Name --versioning-configuration Status=Enabled,MFADelete=Enabled --mfa “arn:aws:iam::aws_account_id:mfa/root-account-mfa-device passcode” ```";Perform the steps below to confirm that MFA delete is configured on an S3 bucket: **From Console:** 1. Login to the S3 console at `https://console.aws.amazon.com/s3/`. 2. Click the `check` box next to the name of the bucket you want to confirm. 3. In the window under `Properties`: - Confirm that Versioning is `Enabled` - Confirm that MFA Delete is `Enabled` **From Command Line:** 1. Run the `get-bucket-versioning` command: ``` aws s3api get-bucket-versioning --bucket my-bucket ``` Example output: ``` <VersioningConfiguration xmlns=http://s3.amazonaws.com/doc/2006-03-01/>   <Status>Enabled</Status>  <MfaDelete>Enabled</MfaDelete>  </VersioningConfiguration> ``` If the console or CLI output does not show that Versioning and MFA Delete are `enabled`, please refer to the remediation below.;;;https://docs.aws.amazon.com/AmazonS3/latest/dev/Versioning.html#MultiFactorAuthenticationDelete:https://docs.aws.amazon.com/AmazonS3/latest/dev/UsingMFADelete.html:https://aws.amazon.com/blogs/security/securing-access-to-aws-using-mfa-part-3/:https://docs.aws.amazon.com/IAM/latest/UserGuide/id_credentials_mfa_lost-or-broken.html;FAIL;S3 Bucket cf-templates-1o2rvhmiti6y7-us-east-1 has MFA Delete disabled.;arn:aws:s3:::cf-templates-1o2rvhmiti6y7-us-east-1;cf-templates-1o2rvhmiti6y7-us-east-1;s3_bucket_no_mfa_delete;False
aws;The CIS Amazon Web Services Foundations Benchmark provides prescriptive guidance for configuring security options for a subset of Amazon Web Services with an emphasis on foundational, testable, and architecture agnostic settings.;872515266548;us-east-1;2025-07-18 13:22:16.636454;2.1.1;Ensure S3 Bucket Policy is set to deny HTTP requests;2 Storage;2.1 Simple Storage Service (S3);Level 2;Automated;At the Amazon S3 bucket level, you can configure permissions through a bucket policy, making the objects accessible only through HTTPS.;By default, Amazon S3 allows both HTTP and HTTPS requests. To ensure that access to Amazon S3 objects is only permitted through HTTPS, you must explicitly deny HTTP requests. Bucket policies that allow HTTPS requests without explicitly denying HTTP requests will not comply with this recommendation.;;**From Console:** 1. Login to the AWS Management Console and open the Amazon S3 console using https://console.aws.amazon.com/s3/. 2. Select the check box next to the Bucket. 3. Click on 'Permissions'. 4. Click 'Bucket Policy'. 5. Add either of the following to the existing policy, filling in the required information: ``` {  Sid: <optional>,  Effect: Deny,  Principal: *,  Action: s3:*,  Resource: arn:aws:s3:::<bucket_name>/*,  Condition: {  Bool: {  aws:SecureTransport: false  }  } } ``` or ``` {  Sid: <optional>,  Effect: Deny,  Principal: *,  Action: s3:*,  Resource: [  arn:aws:s3:::<bucket_name>,  arn:aws:s3:::<bucket_name>/*  ],  Condition: {  NumericLessThan: {  s3:TlsVersion: 1.2  }  } } ``` 6. Save 7. Repeat for all the buckets in your AWS account that contain sensitive data. **From Console**  Using AWS Policy Generator: 1. Repeat steps 1-4 above. 2. Click on `Policy Generator` at the bottom of the Bucket Policy Editor. 3. Select Policy Type `S3 Bucket Policy`. 4. Add Statements: - `Effect` = Deny - `Principal` = * - `AWS Service` = Amazon S3 - `Actions` = * - `Amazon Resource Name` = <ARN of the S3 Bucket> 5. Generate Policy. 6. Copy the text and add it to the Bucket Policy. **From Command Line:** 1. Export the bucket policy to a json file: ``` aws s3api get-bucket-policy --bucket <bucket_name> --query Policy --output text > policy.json ``` 2. Modify the policy.json file by adding either of the following: ``` {  Sid: <optional>,  Effect: Deny,  Principal: *,  Action: s3:*,  Resource: arn:aws:s3:::<bucket_name>/*,  Condition: {  Bool: {  aws:SecureTransport: false  }  } } ``` or ``` {  Sid: <optional>,  Effect: Deny,  Principal: *,  Action: s3:*,  Resource: [  arn:aws:s3:::<bucket_name>,  arn:aws:s3:::<bucket_name>/*  ],  Condition: {  NumericLessThan: {  s3:TlsVersion: 1.2  }  } } ``` 3. Apply this modified policy back to the S3 bucket: ``` aws s3api put-bucket-policy --bucket <bucket_name> --policy file://policy.json ```;To allow access to HTTPS, you can use a bucket policy with the effect `allow` and a condition that checks for the key `aws:SecureTransport: true`. This means that HTTPS requests are allowed, but it does not deny HTTP requests. To explicitly deny HTTP access, ensure that there is also a bucket policy with the effect `deny` that contains the key `aws:SecureTransport: false`. You may also require TLS by setting a policy to deny any version lower than the one you wish to require, using the condition `NumericLessThan` and the key `s3:TlsVersion: 1.2`. **From Console:** 1. Login to the AWS Management Console and open the Amazon S3 console using https://console.aws.amazon.com/s3/. 2. Select the check box next to the Bucket. 3. Click on 'Permissions', then click on `Bucket Policy`. 4. Ensure that a policy is listed that matches either: ``` {  Sid: <optional>,  Effect: Deny,  Principal: *,  Action: s3:*,  Resource: arn:aws:s3:::<bucket_name>/*,  Condition: {  Bool: {  aws:SecureTransport: false  }  } } ``` or ``` {  Sid: <optional>,  Effect: Deny,  Principal: *,  Action: s3:*,  Resource: [  arn:aws:s3:::<bucket_name>,  arn:aws:s3:::<bucket_name>/*  ],  Condition: {  NumericLessThan: {  s3:TlsVersion: 1.2  }  } } ``` `<optional>` and `<bucket_name>` will be specific to your account, and TLS version will be site/policy specific to your organisation. 5. Repeat for all the buckets in your AWS account. **From Command Line:** 1. List all of the S3 Buckets  ``` aws s3 ls ``` 2. Using the list of buckets, run this command on each of them: ``` aws s3api get-bucket-policy --bucket <bucket_name> | grep aws:SecureTransport ``` or ``` aws s3api get-bucket-policy --bucket <bucket_name> | grep s3:TlsVersion ``` NOTE : If an error is thrown by the CLI, it means no policy has been configured for the specified S3 bucket, and that by default it is allowing both HTTP and HTTPS requests. 3. Confirm that `aws:SecureTransport` is set to false (such as `aws:SecureTransport:false`) or that `s3:TlsVersion` has a site-specific value. 4. Confirm that the policy line has Effect set to Deny 'Effect:Deny';;Both HTTP and HTTPS requests are allowed.;https://aws.amazon.com/premiumsupport/knowledge-center/s3-bucket-policy-for-config-rule/:https://aws.amazon.com/blogs/security/how-to-use-bucket-policies-and-apply-defense-in-depth-to-help-secure-your-amazon-s3-data/:https://awscli.amazonaws.com/v2/documentation/api/latest/reference/s3api/get-bucket-policy.html;FAIL;S3 Bucket cf-templates-1o2rvhmiti6y7-us-east-1 does not have a bucket policy, thus it allows HTTP requests.;arn:aws:s3:::cf-templates-1o2rvhmiti6y7-us-east-1;cf-templates-1o2rvhmiti6y7-us-east-1;s3_bucket_secure_transport_policy;False
